<?xml version="1.0" encoding="UTF-8"?>
<project-private xmlns="http://www.netbeans.org/ns/project-private/1">
    <editor-bookmarks xmlns="http://www.netbeans.org/ns/editor-bookmarks/2" lastBookmarkId="0"/>
    <open-files xmlns="http://www.netbeans.org/ns/projectui-open-files/2">
        <group>
            <file>file:/F:/Java/CSD201PE_SP23_314164/PaperNo_9/Q1/src/Bike.java</file>
            <file>file:/F:/Java/CSD201PE_SP23_314164/PaperNo_9/Q1/src/Main.java</file>
            <file>file:/F:/Java/CSD201PE_SP23_314164/PaperNo_9/Q1/src/MyList.java</file>
        </group>
    </open-files>
</project-private>
